,Company Name,Company Rating,Company Type,Company Locations
0,TCS,3.8,IT Services & Consulting , Mumbai +349 more
1,Accenture,4.0,IT Services & Consulting , Dublin +180 more
2,Cognizant,3.9,IT Services & Consulting , Teaneck. New Jersey. +174 more
3,Wipro,3.8,IT Services & Consulting , Bangalore/Bengaluru +278 more
4,Capgemini,3.8,IT Services & Consulting , Paris +144 more
5,HDFC Bank,4.0,Banking , Mumbai +1561 more
6,ICICI Bank,4.0,Banking , Mumbai +1302 more
7,Infosys,3.8,IT Services & Consulting , Bengaluru/Bangalore +182 more
8,HCLTech,3.7,IT Services & Consulting , Noida +184 more
9,Tech Mahindra,3.7,IT Services & Consulting , Pune +271 more
10,Genpact,3.9,IT Services & Consulting , New York +118 more
11,Axis Bank,3.9,Banking , Mumbai +1325 more
12,Teleperformance,3.8,BPO , Paris +193 more
13,Concentrix Corporation,3.9,BPO , Fremont +118 more
14,Jio,4.0,Telecom , Navi Mumbai +1179 more
15,Amazon,4.1,Internet , Seattle +455 more
16,IBM,4.1,IT Services & Consulting , Armonk +149 more
17,Reliance Retail,4.0,Retail , Navi Mumbai +1017 more
18,HDB Financial Services,4.0,NBFC , Ahmedabad +963 more
19,Larsen & Toubro Limited,4.1,Engineering & Construction , Mumbai +627 more
20,Vodafone Idea,4.2,Telecom , Mumbai +640 more
21,BYJU'S,3.1,EdTech , Bangalore +307 more
22,Kotak Mahindra Bank,3.8,Banking , Mumbai +576 more
23,Deloitte,3.9,Management Consulting , London +142 more
24,Reliance Industries,4.1,Oil & Gas , Navi Mumbai +694 more
25,iEnergizer,4.7,BPO , Noida +31 more
26,Bharti Airtel,4.1,Telecom , Gurgaon/Gurugram +667 more
27,Tata Motors,4.2,Automobile , Pune +439 more
28,WNS,3.5,BPO , Mumbai +40 more
29,Flipkart,4.0,Internet , Bangalore +516 more
30,IndusInd Bank,3.7,Banking , Gurgaon/Gurugram +692 more
31,Ernst & Young,3.6,Management Consulting , London +96 more
32,AU Small Finance Bank,4.4,Banking , Jaipur +410 more
33,Mahindra & Mahindra,4.2,Automobile , Mumbai +482 more
34,Infosys BPM,3.8,BPO , Bangalore/Bengaluru +67 more
35,DXC Technology,3.8,IT Services & Consulting , Minato +84 more
36,IDFC FIRST Bank,4.0,Banking , Mumbai +587 more
37,Conneqt Business Solutions,3.7,BPO , Mumbai +224 more
38,LTIMindtree,3.6,IT Services & Consulting , Bangalore / Bengaluru +54 more
39,HDFC Life,4.1,Insurance , Mumbai +568 more
40,Bajaj Finserv,4.1,Financial Services , Pune +906 more
41,Mphasis,3.4,IT Services & Consulting , Bangalore/Bengaluru +53 more
42,PwC,3.6,Management Consulting , London +97 more
43,HSBC Group,4.1,Banking , Pune +59 more
44,Startek,3.3,BPO , Mumbai +73 more
45,Hinduja Global Solutions,3.9,IT Services & Consulting , Bangalore/Bengaluru +104 more
46,Samsung,4.1,Consumer Electronics & Appliances , Seoul +507 more
47,Ericsson,4.3,Telecom , Stockholm +150 more
48,Maruti Suzuki,4.2,Automobile , New Delhi +385 more
49,Shriram Finance,4.1,NBFC , Mumbai +969 more
50,Asian Paints,4.1,Chemicals , Mumbai +448 more
51,Yes Bank,3.9,Banking , Mumbai +448 more
52,Cipla,4.1,Pharma , Mumbai +240 more
53,Dr. Reddy's,4.2,Pharma , Hyderabad/Secunderabad +170 more
54,Sutherland Global Services,3.7,IT Services & Consulting , Pittsford +58 more
55,Paytm,3.4,FinTech , Noida +328 more
56,Bandhan Bank,3.8,Banking , Kolkata +785 more
57,UltraTech Cement,4.2,Building Material , Mumbai +439 more
58,EXL Service,3.8,Analytics & KPO , New York City +46 more
59,NTT DATA,4.0,IT Services & Consulting , Chiyoda City +61 more
60,ICICI Prudential Life Insurance,4.1,Insurance , Mumbai +452 more
61,Bajaj Finance,4.1,NBFC , Pune +777 more
62,Jana Small Finance Bank,3.9,Banking , Bangalore/Bengaluru +355 more
63,Lupin,4.2,Pharma , Mumbai +171 more
64,Indian Army,4.7,Defence & Aerospace , New Delhi +327 more
65,HCL Group,3.8,IT Services & Consulting , Chennai +75 more
66,Quess,4.0,BPO , Bangalore +544 more
67,Tata Steel,4.2,Iron & Steel , Mumbai +182 more
68,L&T Infotech,3.8,IT Services & Consulting , Mumbai +86 more
69,Wells Fargo,4.0,Financial Services , San Francisco +21 more
70,Zydus Lifesciences,4.2,Pharma , Ahmedabad +156 more
71,Delhivery,4.0,Logistics , Delhi +633 more
72,Amazon Development Centre India,4.2,Internet , Hyderabad / Secunderabad +86 more
73,L&T Construction,4.1,Engineering & Construction , Chennai +363 more
74,JPMorgan Chase & Co.,4.1,Financial Services , New York +33 more
75,Sun Pharmaceutical Industries,4.1,Pharma , Mumbai +209 more
76,Hindustan Unilever,4.3,FMCG , London +442 more
77,FIS,3.9,FinTech , Jacksonville +44 more
78,ITC,4.0,FMCG , Kolkata +304 more
79,Udaan,4.0,Bangalore +339 more,NA
80,Hexaware Technologies,3.6,IT Services & Consulting , Mumbai +46 more
81,IIFL Finance,4.0,NBFC , Mumbai +684 more
82,JSW Steel,4.0,Iron & Steel , Mumbai +150 more
83,Ujjivan Small Finance Bank,4.1,Banking , Bangalore/Bengaluru +448 more
84,Muthoot Finance,3.6,NBFC , Kochi/Cochin +647 more
85,Max Life Insurance,4.2,Insurance , Gurgaon/Gurugram +402 more
86,Tata Projects,4.3,Engineering & Construction , Mumbai +239 more
87,Aurobindo Pharma,4.0,Pharma , Hyderabad/Secunderabad +95 more
88,KPMG India,3.6,Management Consulting , Bangalore / Bengaluru +76 more
89,Shapoorji Pallonji Group,4.2,Engineering & Construction , Mumbai +168 more
90,Oracle,3.8,Software Product , Austin +49 more
91,Home Credit Finance,4.1,Financial Services , Gurugram +116 more
92,eClerx,3.5,IT Services & Consulting , Mumbai +18 more
93,Apollo Hospitals,4.2,Healthcare , Chennai +189 more
94,Ashok Leyland,4.1,Automobile , Chennai +219 more
95,Omega Healthcare,3.8,Healthcare , Florida +50 more
96,Siemens,4.2,Industrial Automation , Munich +131 more
97,JLL,4.2,Real Estate , Mumbai +71 more
98,Megha Engineering & Infrastructures,4.0,Engineering & Construction , Hyderabad/Secunderabad +305 more
99,Vivo,4.1,Consumer Electronics & Appliances , Gurgaon/Gurugram +378 more
100,First Source,3.8,BPO , Mumbai +55 more
101,JustDial,3.6,Internet , Mumbai +182 more
102,Bajaj Allianz Life Insurance,4.1,Insurance , Pune +507 more
103,Hero MotoCorp,4.2,Automobile , Gurgaon/Gurugram +319 more
104,OPPO,4.0,Consumer Electronics & Appliances , Dongguan +359 more
105,Mahindra Finance,4.3,NBFC , Mumbai +634 more
106,DMart,4.0,Retail , Mumbai +213 more
107,Standard Chartered,3.9,Banking , London +58 more
108,Coforge,3.5,IT Services & Consulting , Noida +87 more
109,Cyient,3.8,IT Services & Consulting , Hyderabad/Secunderabad +35 more
110,BigBasket,4.0,Internet , Bangalore +116 more
111,ICICI Lombard General Insurance Company,3.8,Insurance , Mumbai +264 more
112,Indiamart Intermesh,3.6,Internet , Noida +145 more
113,CGI Group,4.1,IT Services & Consulting , Montreal +32 more
114,Virtusa Consulting Services,3.8,IT Services & Consulting , Southborough +39 more
115,Equitas Small Finance Bank,4.3,Banking , Chennai +370 more
116,TVS Motor,4.1,Automobile , Chennai +278 more
117,Manappuram Finance,4.0,NBFC , Thrissur/Trichur +519 more
118,Ekart Logistics,4.1,Logistics , San Francisco +611 more
119,GlobalLogic,3.7,IT Services & Consulting , San Jose +35 more
120,UST,3.8,IT Services & Consulting , Kochi +36 more
121,SBI Cards & Payment Services,3.7,Financial Services , Kochi +352 more
122,Hewlett Packard Enterprise,4.2,IT Services & Consulting , Kochi +90 more
123,Atos Syntel,3.6,IT Services & Consulting , Pune +26 more
124,Bosch Global Software Technologies,4.1,Software Product , Bangalore / Bengaluru +31 more
125,IQVIA,4.0,Clinical Research , Kochi +45 more
126,Nagarro,4.1,IT Services & Consulting , Gurgaon / Gurugram +42 more
127,Cholamandalam Investment & Finance,4.1,NBFC , Kochi +653 more
128,SMFG India Credit,4.1,NBFC , Kochi +492 more
129,Bosch,4.3,Auto Components , Kochi +103 more
130,Reliance Communications,4.0,Telecom , Kochi +426 more
131,BNY,4.0,Investment Banking / Venture Capital / Private Equity , Pune +16 more
132,L&T Technology Services,3.4,IT Services & Consulting , Kochi +52 more
133,Schneider Electric,4.2,Industrial Automation , Kochi +117 more
134,Hyundai Motor India Limited,4.4,Automobile , Kochi +270 more
135,Amdocs,4.0,Software Product , Pune +14 more
136,Oyo Rooms,3.4,Hospitality , Kochi +116 more
137,Swiggy,3.8,Internet , Kochi +193 more
138,CBRE,4.2,Real Estate , Kochi +75 more
139,State Bank of India,3.8,Banking , Kochi +498 more
140,JBM Group,4.0,Auto Components , Gurgaon/Gurugram +85 more
141,BT Group,4.1,Telecom , London +18 more
142,SBI Life Insurance Company,3.9,Insurance , Mumbai +531 more
143,Optum,4.0,Healthcare , Prairie +32 more
144,Ecom Express,4.0,Logistics , Gurgaon +637 more
145,Nagarjuna Construction Company,4.2,Engineering & Construction , Hyderabad/Secunderabad +227 more
146,Dell,4.2,Consumer Electronics & Appliances , Round Rock +99 more
147,Bajaj Auto,3.9,Automobile , Pune +262 more
148,KEC International,4.1,Engineering & Construction , Mumbai +265 more
149,Future Group,4.3,Retail , Mumbai +201 more
150,Piramal Capital Housing Finance,4.2,NBFC , Mumbai +334 more
151,Aditya Birla Fashion and Retail,4.2,Fashion & Textile , Mumbai +232 more
152,Muthoot Fincorp,4.0,NBFC , Trivandrum/Thiruvananthapuram +553 more
153,Royal Enfield,4.3,Automobile , Gurgaon/Gurugram +314 more
154,L&T Finance,4.0,NBFC , Mumbai +476 more
155,Viatris,4.2,Pharma , Canonsburg +69 more
156,Tata Communications,4.1,Telecom , Mumbai +87 more
157,Samvardhana Motherson Group,3.8,Auto Components , Noida +82 more
158,LG Electronics,4.1,Consumer Electronics & Appliances , Seoul +250 more
159,Intas Pharmaceuticals,4.2,Pharma , Ahmedabad +116 more
160,John Deere,4.2,Industrial Machinery , Moline +121 more
161,Varun Beverages,4.1,Beverage , Gurgaon/Gurugram +289 more
162,Kogta Financial India Limited,4.8,NBFC , Jaipur +206 more
163,Persistent Systems,3.7,IT Services & Consulting , Pune +33 more
164,Godrej & Boyce Manufacturing,3.9,Consumer Electronics & Appliances , Mumbai +132 more
165,Randstad,3.9,Recruitment , Chennai +267 more
166,Thermax Limited,4.2,Industrial Machinery , Pune +184 more
167,Hetero Drugs,3.9,Pharma , Hyderabad/Secunderabad +47 more
168,Deutsche Bank,4.0,Banking , Frankfurt +38 more
169,Macleods Pharmaceuticals,3.8,Pharma , Mumbai +99 more
170,Havells,4.1,Electrical Equipment , Noida +186 more
171,CARS24,3.7,Internet , Gurgaon +149 more
172,Team Lease,4.0,Recruitment , Bangalore/Bengaluru +312 more
173,Subros,4.0,Auto Components , Noida +61 more
174,Sodexo,4.2,Facility Management Services , Issy les Moulineaux +132 more
175,Abbott,4.2,Pharma , Illinois City +172 more
176,VE Commercial Vehicles,4.1,Automobile , Gurgaon/Gurugram +128 more
177,Indian Oil Corporation,4.4,Oil & Gas , Delhi/NCR +261 more
178,Whitehat jr,3.5,EdTech , Mumbai +51 more
179,Ford Motor,4.5,Automobile , Dearborn +110 more
180,Tata Capital,4.1,NBFC , Mumbai +242 more
181,Automatic Data Processing (ADP),4.1,Software Product , New Jersey +27 more
182,Bharat Electronics,4.2,Electronics Manufacturing , Bangalore/Bengaluru +55 more
183,Cummins,4.4,Industrial Machinery , Columbus +86 more
184,ITC Infotech,3.8,IT Services & Consulting , Bangalore/Bengaluru +54 more
185,Access Healthcare,3.9,IT Services & Consulting , Dallas +32 more
186,R1 RCM,3.9,Healthcare , Murray +32 more
187,American Express,4.2,Financial Services , New York City +41 more
188,Alembic Pharmaceuticals,4.0,Pharma , Vadodara/Baroda +155 more
189,Pidilite Industries,4.4,Chemicals , Mumbai +243 more
190,Tata AIA Life Insurance,4.1,Insurance , Mumbai +335 more
191,UnitedHealth,4.1,Healthcare , Minnetonka +16 more
192,Hindalco Industries,4.3,Metals & Mining , Mumbai +90 more
193,Alkem Laboratories,3.9,Pharma , Mumbai +165 more
194,Aakash Educational Services,3.6,EdTech , New Delhi +213 more
195,Publicis Sapient,3.6,IT Services & Consulting , New York +28 more
196,Atos,3.8,IT Services & Consulting , Vilnius +42 more
197,Utkarsh Small Finance Bank,3.9,Banking , Varanasi +305 more
198,DCB Bank,3.8,Banking , Mumbai +307 more
199,Hindustan Coca Cola Beverages,4.3,Beverage , Bangalore +217 more
200,Indian Air Force,4.7,Defence & Aerospace , New Delhi +117 more
201,Vishal Mega Mart,3.8,Retail , Gurgaon/Gurugram +321 more
202,Barclays,4.0,Banking , London +32 more
203,Berger Paints,3.8,Chemicals , Kolkata +263 more
204,Marpu Foundation,4.9,Non-Profit , Hyderabad/Secunderabad +60 more
205,Glenmark Pharmaceuticals,4.0,Pharma , Mumbai +141 more
206,Ipca Laboratories,4.0,Pharma , Mumbai +131 more
207,Jindal Steel and Power,4.0,Iron & Steel , Delhi/NCR +125 more
208,Bank of America,4.4,Banking , Charlotte +28 more
209,Maersk,4.3,Logistics , Copenhagen +36 more
210,DTDC Express,3.8,Logistics , Bangalore/Bengaluru +230 more
211,24/7 Customer,3.5,BPO , San Jose +28 more
212,Aarti Industries,4.2,Agro Chemicals , Mumbai +43 more
213,ABB Group,4.1,Electrical Equipment , Zurich +97 more
214,Honda Motorcycle & Scooter,4.1,Automobile , Gurgaon/Gurugram +223 more
215,Wipro Infotech,4.0,IT Services & Consulting , Bangalore +120 more
216,Carelon Global Solutions,4.0,IT Services & Consulting , Hyderabad / Secunderabad +14 more
217,Johnson Controls,3.7,Industrial Automation , Cork +50 more
218,HDFC Ergo General Insurance,4.0,Insurance , Mumbai +239 more
219,NatWest Group,4.0,Banking , Gurgaon / Gurugram +22 more
220,PolicyBazaar,3.4,Internet , Gurgaon +94 more
221,CMS IT Services,3.1,IT Services & Consulting , Bangalore +138 more
222,Cogent E Services,3.3,BPO , Noida +36 more
223,MRF Tyres,3.8,Auto Components , Chennai +162 more
224,RBL Bank,3.8,Banking , Mumbai +229 more
225,Reliance Nippon Life Insurance,3.8,Insurance , Mumbai +437 more
226,Paras Hospital,4.6,Healthcare , Gurgaon/Gurugram +49 more
227,Reliance Digital,4.2,Retail , Mumbai +312 more
228,PNB MetLife,3.5,Insurance , Mumbai +329 more
229,Jubilant Foods Works,3.9,Hospitality , Noida +201 more
230,Escorts Kubota Limited,4.1,Automobile , Faridabad +137 more
231,GeBBS Healthcare Solutions,3.7,BPO , Culver City +19 more
232,Wipro Consumer Care & Lighting,3.9,FMCG , Bangalore/Bengaluru +96 more
233,Ceat Tyres,4.1,Auto Components , Mumbai +116 more
234,Kotak Mahindara Life Insurance,3.9,Insurance , Mumbai +213 more
235,Dabur,3.8,FMCG , Ghaziabad +255 more
236,Axis Direct,3.9,Financial Services , San Mateo +257 more
237,JK Cement,4.2,Building Material , Nimbahera +249 more
238,Conduent,3.6,BPO , Florham Park +22 more
239,InterGlobe Aviation,3.6,Aviation , Gurgaon/Gurugram +90 more
240,Synechron,3.6,IT Services & Consulting , New York +27 more
241,Shoppers Stop,4.1,Retail , Mumbai +66 more
242,Birlasoft,3.8,IT Services & Consulting , Pune +36 more
243,ACC,4.0,Building Material , Mumbai +223 more
244,Lenskart,3.3,Internet , Faridabad +171 more
245,HARMAN,3.9,Consumer Electronics & Appliances , Stamford +31 more
246,ArcelorMittal Nippon Steel,4.1,Iron & Steel , Surat +71 more
247,Reliance SMSL,4.0,BPO , Mumbai +490 more
248,GATI-KWE,4.0,Logistics , Hyderabad/Secunderabad +156 more
249,Indiabulls Home Loans,3.8,NBFC , Gurgaon/Gurugram +190 more
250,KPIT Technologies,3.6,Software Product , Pune +32 more
251,PepsiCo,4.1,Food Processing , Harrison +228 more
252,UPL,4.2,Agriculture , Mumbai +160 more
253,S&P Global,4.2,Analytics & KPO , New York City +25 more
254,Torrent Pharmaceuticals,4.0,Pharma , Ahmedabad +101 more
255,Dilip Buildcon,4.0,Engineering & Construction , Bhopal +194 more
256,RSPL Group,4.2,FMCG , Kanpur +208 more
257,Tech Mahindra Business Services,3.5,BPO , Mumbai +49 more
258,Square Yards,3.7,Internet , Gurgaon +43 more
259,Titan Company,4.4,Retail , Bangalore +146 more
260,TVS Credit,4.4,NBFC , Chennai +316 more
261,Wipro Enterprises Ltd,3.9,IT Services & Consulting , Bangalore +103 more
262,Tata AIG,4.1,Insurance , Mumbai +225 more
263,EY Global Delivery Services ( EY GDS),3.7,Accounting & Auditing , Bangalore/Bengaluru +38 more
264,IDFC FIRST Bharat,4.6,NBFC , Tiruchirappalli +307 more
265,Aditya Birla Sun Life Insurance,4.2,Insurance , Mumbai +374 more
266,Bajaj Electricals,4.1,Consumer Electronics & Appliances , Mumbai +199 more
267,Alstom Transportation,3.8,Urban Transport , Saint-Ouen +67 more
268,Statestreet HCL Services,3.3,BPO , New Delhi +16 more
269,IGT Solutions,3.4,BPO , Gurgaon/Gurugram +35 more
270,Afcons Infrastructure,4.4,Engineering & Construction , Mumbai +100 more
271,Apollo Tyres,4.1,Auto Components , Gurgaon/Gurugram +153 more
272,Mankind Pharma,4.1,Pharma , New Delhi +198 more
273,Simplex Infrastructures,3.3,Engineering & Construction , Kolkata +132 more
274,Domino's Pizza,4.0,Hospitality , Ypsilanti +217 more
275,Suzlon Group,4.1,Power , Pune +108 more
276,Capita,3.8,IT Services & Consulting , Indore +25 more
277,Zensar Technologies,3.8,IT Services & Consulting , Pune +22 more
278,Flex,4.1,Logistics , San Jose +39 more
279,State Street Corporation,3.8,Financial Services , Boston +20 more
280,Max Healthcare,4.1,Healthcare , Delhi/NCR +59 more
281,KocharTech,4.1,IT Services & Consulting , Gurgaon/Gurugram +24 more
282,Huawei Technologies,4.0,Telecom , Gurgaon/Gurugram +100 more
283,Bajaj Allianz General Insurance,4.0,Insurance , Pune +221 more
284,Tata Technologies,3.8,Engineering & Construction , Singapore +40 more
285,Croma,4.0,Retail , Mumbai +149 more
286,I Process Services,3.9,Recruitment , Mumbai +308 more
287,McDonald's,4.2,Hospitality , Chicago +138 more
288,Taj Hotels Resorts and Palaces,4.2,Hospitality , Mumbai +94 more
289,Grasim Industries,4.1,Building Material , Nagda +118 more
290,HDFC Sales,4.1,Financial Services , Mumbai +283 more
291,Nestle,4.1,Food Processing , Vevey +236 more
292,ElasticRun,3.4,Logistics , Pune +349 more
293,UNO Minda,4.1,Auto Components , Gurgaon +88 more
294,Landmark Group,4.0,Retail , Dubai Marina +141 more
295,Walmart,4.0,Retail , Bangalore/Bengaluru +80 more
296,AGS Health,4.0,BPO , Washington DC +39 more
297,Lava International,4.1,Consumer Electronics & Appliances , Noida +212 more
298,Nokia,4.2,Telecom , Espoo +152 more
299,Blue Dart Express,4.1,Logistics , Mumbai +240 more
300,Patanjali Ayurved,4.1,FMCG , Haridwar +259 more
301,Tractors and Farm Equipment,4.1,Industrial Machinery , Chennai +164 more
302,G4S,4.0,Law Enforcement & Security , Gurgaon/Gurugram +139 more
303,Fortis Healthcare,4.1,Healthcare , Gurgaon/Gurugram +61 more
304,Capgemini Engineering,3.6,Gurgaon / Gurugram +21 more,NA
305,Societe Generale Global Solution Centre,3.9,Financial Services , Paris +16 more
306,State Street Syntel,3.7,Financial Services , Mumbai +21 more
307,BlackBuck,3.9,Internet , Bangalore +323 more
308,TVS Supply Chain Solutions,4.0,Logistics , Chennai +132 more
309,Britannia,4.1,FMCG , Bengaluru +235 more
310,Micro Labs,3.7,Pharma , Bangalore/Bengaluru +123 more
311,Fiserv,3.6,FinTech , Brookfield +29 more
312,KFintech,3.6,FinTech , Hyderabad +99 more
313,Voltas,4.1,Consumer Electronics & Appliances , Mumbai +176 more
314,Sterlite Technologies,3.8,Hardware & Networking , Pune +80 more
315,Shree Cement,4.0,Building Material , Kolkata +203 more
316,Kyndryl,4.1,IT Services & Consulting , New York City +27 more
317,Exide Industries,3.6,Auto Components , Kolkata +187 more
318,Ola Cabs,3.5,Internet , Bangalore +96 more
319,Yazaki,3.9,Auto Components , Tokyo +69 more
320,Radisson Hotels,4.1,Hospitality , Minnetonka +103 more
321,Dalmia Bharat Cement,4.0,Building Material , Delhi/NCR +206 more
322,Himalaya Wellness,4.2,Pharma , San Francisco +195 more
323,Quest Global,3.7,IT Services & Consulting , Singapore +35 more
324,Lifestyle,4.4,Retail , Bangalore/Bengaluru +114 more
325,IKS Health,3.6,Healthcare , Mumbai +16 more
326,Eureka Forbes,3.8,Consumer Electronics & Appliances , Mumbai +161 more
327,Ajanta Pharma,4.1,Pharma , Mumbai +97 more
328,Blue Star,4.1,Consumer Electronics & Appliances , Mumbai +135 more
329,ACT Fibernet,4.0,Telecom , Bengaluru/Bangalore +43 more
330,Motilal Oswal Financial Services,3.8,Financial Services , Mumbai +129 more
331,XpressBees,3.7,Logistics , Pune +241 more
332,Aditya Birla Group,4.1,Building Material , Mumbai +224 more
333,Extramarks Education,3.5,EdTech , Noida +101 more
334,Sonalika Tractors,3.8,Automobile , Hoshiarpur +151 more
335,DS Group,4.1,FMCG , Noida +213 more
336,Nokia Networks,4.3,Hardware & Networking , Chennai +82 more
337,Life Insurance Corporation of India,4.4,Insurance , Mumbai +418 more
338,Mahindra Rural Housing Finance,4.1,NBFC , Mumbai +416 more
339,Cholamandalam MS General Insurance,3.9,Insurance , Chennai +326 more
340,Zomato,3.8,Internet , Gurgaon +185 more
341,Mahindra Logistics,4.0,Logistics , Mumbai +134 more
342,Delhi Public School,3.9,Education & Training , Greater Noida +239 more
343,Indus Towers,3.9,Telecom , Gurgaon +162 more
344,PVR Cinemas,4.1,Media & Entertainment , Gurgaon +108 more
345,Future Retail,4.3,Retail , San Francisco +197 more
346,JMC Projects,4.2,Engineering & Construction , Mumbai +118 more
347,Ninjacart,4.1,Internet , Bangalore +95 more
348,Emcure Pharmaceuticals,3.8,Pharma , Pune +97 more
349,Rivigo,3.9,Internet , Gurgaon +151 more
350,SRF,4.3,Chemicals , Gurgaon/Gurugram +48 more
351,Myntra,4.0,Internet , Bangalore +94 more
352,V-Mart,4.2,Retail , Gurgaon/Gurugram +242 more
353,Kalpataru Power Transmission,4.2,Engineering & Construction , Mumbai +212 more
354,Parle Agro,4.2,Beverage , Mumbai +198 more
355,Datamatics Global Services,3.6,IT Services & Consulting , Mumbai +28 more
356,Movate,3.4,IT Services & Consulting , Plano +29 more
357,Kansai Nerolac Paints,3.9,Chemicals , Mumbai +186 more
358,Renault-Nissan,4.1,Automobile , Chennai +77 more
359,Pfizer,4.1,Pharma , Chennai +114 more
360,Tata Teleservices,4.0,Telecom , Mumbai +146 more
361,Fujitsu,3.9,IT Services & Consulting , Bangalore/Bengaluru +31 more
362,Mahindra Holidays & Resorts,3.6,Hospitality , Mumbai +96 more
363,VVDN Technologies,3.7,IT Services & Consulting , Gurgaon +34 more
364,Indian Railways,4.2,Railways , Delhi/NCR +211 more
365,MSN Laboratories,3.8,Pharma , Hyderabad/Secunderabad +71 more
366,3i Infotech,3.6,IT Services & Consulting , Mumbai +107 more
367,BHEL,4.2,Electrical Equipment , Bangalore/Bengaluru +97 more
368,KPMG Global Services,3.7,Bangalore / Bengaluru +31 more,NA
369,Raymond,4.1,Fashion & Textile , New York +129 more
370,ICICI Securities,3.8,Financial Services , Mumbai +126 more
371,Reliance Trends,4.4,Retail , Navi Mumbai +340 more
372,Blinkit,3.8,Internet , Gurgaon +64 more
373,Cybage,3.9,IT Services & Consulting , Pune +10 more
374,Ambuja Cements,3.9,Building Material , Mumbai +201 more
375,JCB,4.0,Industrial Machinery , Rocester +92 more
376,Cadila Pharmaceuticals,3.6,Pharma , Ahmedabad +116 more
377,suzuki motor gujarat,4.3,Becharaji +96 more,NA
378,Info Edge,4.0,Internet , Noida +59 more
379,Shell,4.2,Oil & Gas , London +74 more
380,GlaxoSmithKline Pharmaceuticals,4.2,Pharma , Brentford +182 more
381,Foundever,3.8,BPO , Miami +15 more
382,Poonawalla Fincorp,3.8,NBFC , Mumbai +246 more
383,ZS,3.5,Management Consulting , Evanston +12 more
384,PhonePe,4.1,FinTech , Bangalore +241 more
385,Whirlpool,4.1,Consumer Electronics & Appliances , Michigan +141 more
386,Bharat Petroleum,4.2,Oil & Gas , Mumbai +223 more
387,Tata Elxsi,4.0,IT Services & Consulting , Bangalore/Bengaluru +26 more
388,Jindal Stainless,4.2,Iron & Steel , Delhi/NCR +58 more
389,Endurance Technologies,3.9,Auto Components , Aurangabad +39 more
390,NoBroker,3.2,Internet , Bangalore +37 more
391,Force Motors,3.6,Automobile , Pune +87 more
392,ITC Hotels,4.2,Hospitality , Kolkata +76 more
393,Fincare Small Finance Bank,4.1,Banking , Bangalore +364 more
394,Shahi Exports,4.1,Retail , Faridabad +58 more
395,Syngene International,3.9,Pharma , Bangalore/Bengaluru +14 more
396,GVK Emergency Management and Research Institute,3.7,Non-Profit , Hyderabad/Secunderabad +151 more
397,Delphi TVS,4.0,Auto Components , Kanchipuram +38 more
398,Bharti AXA Life Insurance,3.9,Insurance , Mumbai +220 more
399,Kalyan Jewellers,4.7,Jewellery , Bangalore / Bengaluru +132 more
400,Sobha,4.0,Real Estate , Bangalore/Bengaluru +35 more
401,Care Health Insurance,3.7,Internet , Gurgaon +198 more
402,Brakes India,4.0,Auto Components , Chennai +74 more
403,Lodha group,4.1,Real Estate , Mumbai +23 more
404,Aavas Financiers,4.0,Financial Services , Jaipur +235 more
405,HCL Infosystems,4.0,IT Services & Consulting , Noida +104 more
406,Citicorp,3.7,Financial Services , Mumbai +23 more
407,Sterling & Wilson,4.1,Engineering & Construction , Mumbai +101 more
408,Dhani Loans and Services,3.9,NBFC , New Delhi +180 more
409,Bureau Veritas,4.0,Other , Paris La Défense +113 more
410,CAMS,3.7,IT Services & Consulting , Chennai +89 more
411,Sopra Steria,4.0,IT Services & Consulting , Paris +15 more
412,KENT RO Systems,4.1,Consumer Electronics & Appliances , Noida +139 more
413,Gallagher,3.9,Insurance , Rolling Meadows +16 more
414,Unacademy,3.2,EdTech , Bangalore +57 more
415,Varroc Group,3.8,Auto Components , Aurangabad +34 more
416,Coromandel International,4.1,Agro Chemicals , Hyderabad/Secunderabad +146 more
417,Future Generali India Life Insurance,3.8,Insurance , Mumbai +173 more
418,Canara HSBC Life Insurance,3.7,Insurance , Gurgaon/Gurugram +247 more
419,Allsec Technologies,4.0,BPO , Chennai +26 more
420,Cisco,4.3,Hardware & Networking , San Jose +37 more
421,Tata Motors Finance,4.2,NBFC , Mumbai +226 more
422,RMSI,3.8,IT Services & Consulting , Noida +13 more
423,Power Mech Projects,3.9,Engineering & Construction , Hyderabad/Secunderabad +118 more
424,Star Health & Allied Insurance,3.8,Insurance , Chennai +249 more
425,café Coffee day,4.0,Hospitality , Bengaluru +93 more
426,Adani Wilmar,4.2,FMCG , Ahmedabad +153 more
427,IntouchCX,3.0,BPO , Winnipeg +18 more
428,JK Tyres,3.8,Auto Components , New Delhi +129 more
429,Gabriel India,4.2,Auto Components , Pune +41 more
430,KIA MOTORS,3.9,Automobile , Seoul +139 more
431,Straive,3.5,Analytics & KPO , Singapore +23 more
432,DBS Bank,3.9,Banking , Hyderabad/Secunderabad +143 more
433,Lucas-TVS,4.0,Auto Components , Chennai +62 more
434,Bank of Baroda,3.6,Banking , Vadodara/Baroda +247 more
435,Planet Spark,3.7,EdTech , Gurgaon +41 more
436,Laurus Labs,4.2,Pharma , Hyderabad/Secunderabad +15 more
437,Sify Technologies,4.0,IT Services & Consulting , Chennai +107 more
438,Hero FinCorp,4.2,NBFC , Delhi +327 more
439,ValueLabs,3.8,IT Services & Consulting , Hyderabad/Secunderabad +16 more
440,Hindustan Aeronautics,4.4,Defence & Aerospace , Bangalore/Bengaluru +46 more
441,Adani Power,4.0,Power , Ahmedabad +86 more
442,Indian Navy,4.6,Defence & Aerospace , Delhi/NCR +56 more
443,Parle Products,4.0,Food Processing , Mumbai +195 more
444,ABC,4.0,Broadcasting , New York +98 more
445,Akums Drugs & Pharmaceuticals Limited,4.3,Pharma , Delhi/NCR +28 more
446,Thomson Reuters,4.2,Software Product , Toronto +24 more
447,upGrad,3.8,EdTech , San Francisco +39 more
448,ESAF Microfinance & Investments (P),3.9,Financial Services , Thrissur/Trichur +296 more
449,Taurus BPO Services,4.6,BPO , Pune +14 more
450,Uflex,3.8,Packaging , Noida +42 more
451,Intellect Design Arena,4.1,FinTech , Chennai +28 more
452,AECOM,4.3,Engineering & Construction , Dallas +106 more
453,SAP,4.3,Software Product , Walldorf +44 more
454,TVS Sundram Fasteners,3.8,Auto Components , Chennai +43 more
455,Citibank,4.0,Banking , New York +47 more
456,CMA CGM,4.0,Ports & Shipping , Marseille +24 more
457,Cargill,4.2,Food Processing , Wayzata +97 more
458,Google,4.4,Internet , Mountain View +77 more
459,Microsoft Corporation,4.1,Software Product , Sunnyvale +41 more
460,IDBI Bank,3.7,Banking , Mumbai +276 more
461,SGS,3.9,Other , Geneva +112 more
462,Reliance General Insurance,3.9,Insurance , Mumbai +170 more
463,Dr Lal PathLabs,4.2,Healthcare , Gurgaon/Gurugram +156 more
464,Honda,4.2,Automobile , Greater Noida +197 more
465,Novartis,4.1,Pharma , Switzerland +66 more
466,Optum Global Solutions,4.1,IT Services & Consulting , Gurgaon / Gurugram +14 more
467,Renault Nissan Technology & Business Centre India,3.9,Automobile , Chennai +14 more
468,L&T Energy Hydrocarbon,4.0,Engineering & Construction , Mumbai +70 more
469,TCE,3.8,Engineering & Construction , Mumbai +101 more
470,Kotak Securities,3.7,Financial Services , Mumbai +118 more
471,Meesho,3.7,Internet , Bengaluru/Bangalore +101 more
472,Xoriant,3.9,IT Services & Consulting , Sunnyvale +19 more
473,YASH Technologies,3.8,IT Services & Consulting , East Moline +22 more
474,Narayana Health,4.2,Healthcare , Bangalore/Bengaluru +59 more
475,Honeywell Automation,3.8,Consumer Electronics & Appliances , Morris Plains +66 more
476,AXA Business Services,3.8,Insurance , Paris +9 more
477,Big Bazaar,4.3,Retail , Mumbai +154 more
478,SBI General Insurance,3.8,Insurance , Mumbai +212 more
479,Spark Minda,3.9,Auto Components , Gurgaon +60 more
480,BA Continuum,4.2,NBFC , Gurgaon/Gurugram +15 more
481,Apollo Pharmacy,4.0,Pharma , Chennai +208 more
482,Vedantu,3.4,EdTech , Bangalore +53 more
483,Wockhardt,3.9,Pharma , Mumbai +77 more
484,MetLife,4.3,Insurance , New York +39 more
485,Philips,3.9,Consumer Electronics & Appliances , Amsterdam +83 more
486,CMS Infosystems,3.7,IT Services & Consulting , Mumbai +170 more
487,Tata Play,4.0,Broadcasting , Mumbai +197 more
488,Biological E,4.2,Biotechnology , Hyderabad/Secunderabad +47 more
489,Niva Bupa Health Insurance Company,3.7,Insurance , Delhi/NCR +192 more
490,NCR Corporation,4.1,IT Services & Consulting , Atlanta +80 more
491,Vardhman Fabrics,4.1,Fashion & Textile , Ludhiana +51 more
492,Crisil,3.7,Financial Services , Mumbai +56 more
493,Aragen Life Sciences,4.1,Pharma , Hyderabad/Secunderabad +19 more
494,Safexpress,4.1,Logistics , Delhi/NCR +141 more
495,Exl India,3.6,IT Services & Consulting , New Delhi +26 more
496,G R Infraprojects,4.2,Engineering & Construction , Gurgaon/Gurugram +133 more
497,Frankfinn Institute of Air Hostess Training,4.0,Education & Training , Gurgaon/Gurugram +59 more
498,Innovsource Services,4.0,Recruitment , Mumbai +199 more
499,Microland,3.6,IT Services & Consulting , Bangalore +40 more
500,Allstate,3.9,Insurance , Bangalore/Bengaluru +9 more
501,Panasonic Life Solutions India,4.1,Consumer Electronics & Appliances , Gurgaon / Gurugram +112 more
502,SBI Securities,3.8,Financial Services , Mumbai +227 more
503,Amazon Transportation Services,4.1,Logistics , Seattle +132 more
504,R.R. Donnelley,4.0,Marketing & Advertising , Chicago +12 more
505,Angel One,3.9,FinTech , Mumbai +111 more
506,Metro Cash & Carry,4.2,Retail , Bangalore/Bengaluru +78 more
507,PHN Technology,4.6,Pune +31 more,NA
508,Matrimony.com,4.4,Internet , Chennai +50 more
509,SS&C TECHNOLOGIES,3.5,IT Services & Consulting , Windsor Locks +26 more
510,Bharat Financial Inclusion,4.0,NBFC , Hyderabad +347 more
511,Reckitt Benckiser,4.0,FMCG , Slough +115 more
512,Bhushan Power & Steel,4.0,Iron & Steel , Delhi/NCR +51 more
513,CitiusTech,3.4,IT Services & Consulting , New Jersey +14 more
514,USV,4.1,Pharma , Mumbai +91 more
515,Aditya Birla Capital,4.0,Financial Services , Mumbai +194 more
516,Motherson Automotive Technologies and Engineering,4.0,Auto Components , Noida +53 more
517,Adecco Group,3.8,Recruitment , Zurich +127 more
518,Procter & Gamble,4.2,FMCG , Cincinnati +210 more
519,Dainik Bhaskar Group,4.4,Printing & Publishing , Bhopal +129 more
520,XL Dynamics,3.2,IT Services & Consulting , Navi Mumbai +27 more
521,Yamaha Motor,4.2,Automobile , Iwata +126 more
522,Cavinkare,4.0,FMCG , Chennai +149 more
523,USHA International,4.2,Consumer Electronics & Appliances , Gurgaon/Gurugram +112 more
524,Team Computers,3.7,IT Services & Consulting , Delhi/NCR +87 more
525,HERE Technologies,3.9,IT Services & Consulting , Eindhoven +14 more
526,Mercedes-Benz Research & Development India,4.0,IT Services & Consulting , Bengaluru/Bangalore +47 more
527,NTPC,4.3,Delhi/NCR +104 more,NA
528,KONE,4.3,Industrial Machinery , Chennai +65 more
529,Isgec Heavy Engineering,3.9,Industrial Machinery , Noida +68 more
530,DHL Supply Chain,4.3,Logistics , Bonn +78 more
531,Torrent Power,3.8,Power , Ahmedabad +39 more
532,PI Industries,4.1,Agro Chemicals , Gurgaon/Gurugram +89 more
533,Mother Dairy Fruit & Vegetable,4.2,Food Processing , Noida +113 more
534,Honda Cars,4.4,Automobile , Alwar +92 more
535,Oberoi Group of Hotels,4.2,Hospitality , Delhi/NCR +31 more
536,Honeywell Technology Solutions,3.9,Defence & Aerospace , Bangalore/Bengaluru +19 more
537,DIVI'S Laboratories,3.9,Healthcare , Hyderabad/Secunderabad +23 more
538,Chegg,4.2,EdTech , Santa Clara +66 more
539,Saint-Gobain,4.0,Building Material , Paris +92 more
540,Haier Appliances India,4.1,Consumer Electronics & Appliances , Qingdao +109 more
541,Johnson & Johnson,4.2,Pharma , New Brunswick +142 more
542,Sigma Electric Manufacturing Corporation,4.0,Industrial Machinery , Garner +20 more
543,Paisabazaar.com,3.6,Internet , Gurgaon/Gurugram +22 more
544,Jindal Saw,4.0,Building Material , Delhi/NCR +64 more
545,Credit Suisse,4.3,Financial Services , Zurich +10 more
546,Arvind Group,4.1,Fashion & Textile , Ahmedabad +81 more
547,Max Fashion,4.2,Retail , Abu Dhabi +136 more
548,Verizon,4.1,Telecom , New York City +10 more
549,Tata Communications Transformation Services,4.1,Hardware & Networking , Mumbai +83 more
550,Hyatt Regency,4.2,Hospitality , New Delhi +44 more
551,Daikin,4.2,Consumer Electronics & Appliances , Osaka City +89 more
552,Star Union Dai-ichi Life Insurance,3.9,Insurance , Navi Mumbai +234 more
553,V-Guard Industries,4.4,Consumer Electronics & Appliances , Kochi/Cochin +134 more
554,Medi Assist India,3.7,Insurance , Bangalore +55 more
555,DHL Express,4.1,Logistics , Bonn +84 more
556,Globiva,3.2,BPO , Gurgaon/Gurugram +19 more
557,Haldiram Foods,3.9,FMCG , Nagpur +127 more
558,Exela Technologies,3.6,IT Services & Consulting , Irving +20 more
559,FactSet,4.0,Financial Services , Norwalk +14 more
560,Tata Group,4.3,IT Services & Consulting , Mumbai +155 more
561,Nuvoco Vistas,4.2,Building Material , Mumbai +141 more
562,Photon Interactive,4.0,IT Services & Consulting , London +11 more
563,CG Power and Industrial Solutions,3.9,Electrical Equipment , Mumbai +82 more
564,UBS,3.9,Investment Banking / Venture Capital / Private Equity , Zurich +29 more
565,HDFC Securities,3.7,Financial Services , Mumbai +161 more
566,Medanta the Medicity,4.1,Healthcare , Gurgaon +34 more
567,Relaxo Footwear,4.3,Fashion & Textile , New Delhi +128 more
568,Piramal Group,4.0,Financial Services , Mumbai +124 more
569,Orange Business,4.3,IT Services & Consulting , Paris +46 more
570,Hindustan Petroleum,4.3,Oil & Gas , Mumbai +201 more
571,Aadhar Housing Finance,4.1,Financial Services , Mumbai +256 more
572,BNP Paribas,3.9,Financial Services , Paris +22 more
573,FirstCry,3.8,Retail , Pune +148 more
574,Morgan Stanley,3.7,Financial Services , New York +17 more
575,First American Corporation,3.8,Financial Services , Santa Ana +14 more
576,NextComm Corporation,4.9,Ahmedabad +11 more,NA
577,Biocon Biologics,3.8,Biotechnology , Bangalore/Bengaluru +30 more
578,Aforeserve,3.5,IT Services & Consulting , Noida +148 more
579,Security and Intelligence Services (India),4.1,Law Enforcement & Security , Delhi/NCR +160 more
580,Oracle Cerner,3.7,IT Services & Consulting , Kansas +5 more
581,Emami,4.0,Beauty & Personal Care , Kolkata +148 more
582,Belrise Industries,3.8,Auto Components , Aurangabad +39 more
583,Aon,3.9,Financial Services , London +18 more
584,IDC Technologies,3.3,IT Services & Consulting , Milpitas +56 more
585,Bata,3.9,Fashion & Textile , Lausanne +123 more
586,Exotic Learning,4.5,EdTech , Lucknow +141 more
587,Fusion CX,3.1,BPO , Ohio +45 more
588,Dell EMC,4.2,IT Services & Consulting , Hopkinton +51 more
589,Hindustan Construction Company,4.3,Engineering & Construction , Mumbai +81 more
590,Toyota Kirloskar Motor,4.4,Automobile , Bangalore/Bengaluru +75 more
591,Marriott International,4.3,Hospitality , Bethesda +75 more
592,Tata Power,4.0,Power , Mumbai +120 more
593,KFC,4.2,Hospitality , Louisville +142 more
594,Mercer,3.8,Management Consulting , New York +17 more
595,Tesco,3.9,Retail , Hertfordshire +15 more
596,Narayana Educational Society,3.7,Education & Training , Hyderabad/Secunderabad +131 more
597,Trident Group,3.4,Fashion & Textile , Ludhiana +44 more
598,Faurecia,4.0,Auto Components , Nanterre +25 more
599,Trent,4.1,Retail , Mumbai +111 more
600,Ola Electric Mobility,3.3,Automobile , Bangalore +177 more
601,TaskUs,3.5,BPO , New Braunfels +23 more
602,Altruist Technologies,3.2,BPO , Chandigarh +31 more
603,Tata Advanced Systems,3.9,Defence & Aerospace , Hyderabad/Secunderabad +37 more
604,FedEx Express,4.2,Logistics , 	Moon Township +90 more
605,Iris Software,4.2,IT Services & Consulting , Edison +16 more
606,Polycab Wires,4.1,Electrical Equipment , Mumbai +125 more
607,Veritas Finance,4.7,NBFC , Chennai +260 more
608,L.G.Balakrishnan & Bros,3.7,Auto Components , Coimbatore +40 more
609,Marico,4.1,FMCG , Mumbai +150 more
610,Suguna Foods,4.1,Food Processing , Coimbatore +162 more
611,HTC Global Services,3.6,IT Services & Consulting , Troy +25 more
612,iOPEX Technologies,3.7,IT Services & Consulting , San Jose +14 more
613,NIIT,3.7,Education & Training , Gurgaon / Gurugram +95 more
614,Infinite Computer Solutions,3.5,IT Services & Consulting , Rockville  +28 more
615,Hero Motors Company,4.1,Automobile , New Delhi +192 more
616,Muthoot Group,3.6,Financial Services , Wedel +265 more
617,Krishna Maruti,4.0,Auto Components , Gurgaon/Gurugram +33 more
618,Sony,4.3,Consumer Electronics & Appliances , Delhi/NCR +125 more
619,Jet Airways,4.6,Aviation , Mumbai +43 more
620,Bajaj Capital,3.9,Financial Services , Delhi/NCR +147 more
621,Welspun,4.0,Fashion & Textile , Mumbai +60 more
622,Manipal Hospitals,4.2,Healthcare , Bangalore/Bengaluru +51 more
623,Oracle Financial Services Software,3.7,IT Services & Consulting , Mumbai +17 more
624,Pantaloons,4.2,Fashion & Textile , Mumbai +143 more
625,Satin Creditcare Network,4.1,NBFC , Gurgaon/Gurugram +236 more
626,SRL Diagnostics,4.1,Healthcare , Mumbai +117 more
627,Inox Leisure,4.0,Media & Entertainment , Mumbai +86 more
628,Nayara Energy,4.2,Petrochemicals , Mumbai +76 more
629,ISS Facility Services,4.1,Facility Management Services , Copenhagen +58 more
630,Biocon Limited,3.9,Biotechnology , Bangalore Rural +49 more
631,ZF Commercial Vehicle Control Systems,4.0,Auto Components , Chennai +32 more
632,Akzo Nobel India,4.2,Chemicals , Amsterdam +131 more
633,Adani Group,4.0,Power , Ahmedabad +129 more
634,TTEC India,3.8,BPO , Englewood +23 more
635,J. Kumar Infraprojects,4.1,Engineering & Construction , Mumbai +31 more
636,Fabindia,4.0,Fashion & Textile , Delhi/NCR +79 more
637,Barclays Shared Services,4.1,IT Services & Consulting , London +12 more
638,Collabera Technologies,3.5,IT Services & Consulting , Basking Ridge +44 more
639,ICICI Home Finance,3.8,NBFC , Mumbai +182 more
640,Daimler India Commercial Vehicles,4.1,Automobile , Chennai +40 more
641,Cushman & Wakefield,4.2,Real Estate , Chicago +38 more
642,Gland Pharma,3.7,Pharma , Hyderabad +26 more
643,VLCC,3.7,Beauty & Personal Care , Delhi/NCR +98 more
644,Redcliffe Labs,4.5,Healthcare , Noida +80 more
645,Chandigarh University,4.5,Education & Training , Mohali +41 more
646,Supreme Industries,4.2,Petrochemicals , Mumbai +93 more
647,Panasonic,4.1,Consumer Electronics & Appliances , Kadoma +111 more
648,Lavender Technology,5.0,IT Services & Consulting , USA +4 more
649,Asahi India Glass,3.9,Auto Components , Gurgaon/Gurugram +62 more
650,Ashoka Buildcon,4.1,Engineering & Construction , Nasik/Nashik +132 more
651,ITD Cementation India,4.3,Engineering & Construction , Mumbai +68 more
652,JioMart,3.9,Kolkata +268 more,NA
653,Jindal X,3.5,BPO , New Delhi +19 more
654,TCS iON,3.9,IT Services & Consulting , Mumbai +100 more
655,Annapurna Finance,4.1,NBFC , Bhubaneswar +280 more
656,Sysnet Global Technologies,3.6,IT Services & Consulting , Delhi/NCR +113 more
657,NeoSOFT,4.0,IT Services & Consulting , Mumbai +20 more
658,Aye Finance,4.2,NBFC , Delhi +239 more
659,Godrej Group,4.0,Chemicals , Mumbai +116 more
660,Shadowfax Technologies,3.7,Logistics , Bangalore +163 more
661,Granules India,3.9,Pharma , Hyderabad/Secunderabad +14 more
662,Ocwen Financial Solutions,4.1,Financial Services , West Palm Beach +7 more
663,Heritage Foods,4.1,Food Processing , Hyderabad/Secunderabad +96 more
664,GMR Group,4.1,Engineering & Construction , Delhi/NCR +55 more
665,Aptara,3.3,Printing & Publishing , Falls Church +10 more
666,Sanofi,4.3,Pharma , Paris +72 more
667,HighRadius,3.1,FinTech , Houston +12 more
668,GE,4.3,Defence & Aerospace , Boston +63 more
669,Compass Group Support Services,4.1,Hospitality , Chertsey +63 more
670,Adani Ports and SEZ,3.9,Ports & Shipping , Ahmedabad +70 more
671,MiraMed Ajuba,4.0,BPO , Chennai +14 more
672,EPAM Systems,3.8,IT Services & Consulting , Newtown +20 more
673,Bharat Forge,3.9,Iron & Steel , Pune +18 more
674,Spicejet,3.5,Aviation , Gurgaon/Gurugram +59 more
675,Canara Bank,3.5,Banking , Bangalore/Bengaluru +168 more
676,Spinny,3.8,Internet , Gurgaon +44 more
677,Caterpillar Inc,4.2,Industrial Machinery , Deerfield +34 more
678,Bharat FIH,4.0,Electronics Manufacturing , Chennai +32 more
679,Broadridge Financial Solutions,4.0,FinTech , New York City +9 more
680,Unisys,3.8,IT Services & Consulting , Blue Bell +14 more
681,Evalueserve,3.4,IT Services & Consulting , Schaffhausen +11 more
682,AB InBev India,3.5,Beverage , Leuven +66 more
683,NSE.IT,3.6,IT Services & Consulting , Mumbai +136 more
684,GE Vernova,4.2,Noida +70 more,NA
685,Sharekhan,4.0,Financial Services , Mumbai +109 more
686,Steel Strips Wheels,3.8,Auto Components , Chandigarh +36 more
687,Xiaomi,3.9,Consumer Electronics & Appliances , Haidian District +179 more
688,Edelweiss,3.8,Financial Services , Mumbai +108 more
689,Vfs Global Services,3.7,BPO , Mumbai +26 more
690,Lumax Industries,4.0,Auto Components , Pune +32 more
691,Amity University,3.6,Education & Training , Noida +78 more
692,Sagility,3.9,BPO , Westminster +20 more
693,IFB,3.7,Consumer Electronics & Appliances , Kolkata +140 more
694,Pine Labs,3.7,FinTech , Noida +82 more
695,Unichem Laboratories,3.9,Pharma , Mumbai +67 more
696,Bisleri,4.2,Beverage , Mumbai +137 more
697,NEC,4.5,IT Services & Consulting , Noida +41 more
698,Indoco Remedies,3.7,Pharma , Mumbai +69 more
699,Cinépolis,4.0,Media & Entertainment , Morelia +53 more
700,Physicswallah,3.8,EdTech , Noida +73 more
701,Newgen Software Technologies,3.6,IT Services & Consulting , New Delhi +23 more
702,CorroHealth,3.4,Hyderabad / Secunderabad +20 more,NA
703,Tanishq,4.5,Jewellery , Bangalore/Bengaluru +194 more
704,Synchrony,4.4,Financial Services , Stamford +8 more
705,Aircel,4.5,Telecom , Gurgaon/Gurugram +113 more
706,Iffco Tokio General Insurance Co.,4.1,Insurance , Gurgaon/Gurugram +232 more
707,Punjab National Bank,4.1,Banking , Delhi/NCR +175 more
708,Jakson Group,4.4,Power , Noida +85 more
709,Iksula,3.8,IT Services & Consulting , Mumbai +113 more
710,Fino Payments Bank,3.9,Banking , Mumbai +220 more
711,Northern Trust Operating Services,4.1,Financial Services , Chicago +16 more
712,LivSpace,3.6,Architecture & Interior Design , Bangalore +38 more
713,SYSKA LED Lights,2.9,Consumer Electronics & Appliances , Pune +152 more
714,ECIL,4.2,Electronics Manufacturing , Hyderabad/Secunderabad +40 more
715,Saipem,4.1,Engineering & Construction , San Donato Milanese +37 more
716,Devyani International,3.9,Hospitality , Gurgaon/Gurugram +96 more
717,Valeo,4.1,Auto Components , Paris +19 more
718,Aditya Birla Health Insurance Co,3.9,Insurance , Mumbai +193 more
719,FDC,4.1,Pharma , Mumbai +100 more
720,Paytm Payments Bank,3.9,FinTech , Noida +110 more
721,Tietoevry,4.3,IT Services & Consulting , Helsinki +9 more
722,BVG India,4.0,Facility Management Services , Pune +97 more
723,Health Care Global Enterprises,4.1,Healthcare , Bangalore/Bengaluru +41 more
724,Best Sellers,4.2,Fashion & Textile , Brande +81 more
725,Goldman Sachs,3.6,Investment Banking / Venture Capital / Private Equity , New York +19 more
726,Suryoday Small Finance Bank,4.1,Banking , Mumbai +157 more
727,VMware Software,4.5,Software Product , Palo Alto +17 more
728,Sheenlac Paints,4.6,Chemicals , Chennai +149 more
729,Burger King,3.9,Hospitality , Miami +93 more
730,DISH TV,3.6,Broadcasting , Noida +137 more
731,AGS Transact Technologies,3.4,FinTech , Mumbai +104 more
732,SKF,4.0,Auto Components , Gothenburg +62 more
733,Foxconn,4.1,Electronics Manufacturing , Taipei +40 more
734,Oil And Natural Gas Corporation,4.4,Oil & Gas , Delhi/NCR +65 more
735,Fidelity National Financial,3.8,Financial Services , Bangalore Rural +10 more
736,Wheelseye Technology,3.7,Logistics , Gurgaon +181 more
737,DENSO,4.2,Auto Components , Kariya +34 more
738,Sansera Engineering,4.2,Auto Components , Bangalore/Bengaluru +24 more
739,Xyz Company,3.8,Financial Services , Mumbai +90 more
740,Apco Infratech,3.9,Engineering & Construction , Lucknow +71 more
741,ManpowerGroup,3.9,Recruitment , New Delhi +121 more
742,SAI Life Sciences,3.9,Pharma , Hyderabad +16 more
743,Tata 1mg,3.7,Internet , Gurgaon +51 more
744,Clover Infotech,3.6,IT Services & Consulting , Mumbai +17 more
745,Shriram Pistons & Rings,4.1,Auto Components , Delhi/NCR +52 more
746,ANZ Banking Group,4.2,Financial Services , Melbourne +16 more
747,QualityKiosk Technologies,3.7,IT Services & Consulting , Mumbai +16 more
748,Gujarat Fluorochemicals,4.1,Chemicals , Noida +24 more
749,Dixon Technologies,4.1,Electronics Manufacturing , Noida +32 more
750,Schindler,4.0,Industrial Machinery , Pune +63 more
751,Fresenius Kabi,4.1,Pharma , Bad Homburg +58 more
752,Atul,3.9,Chemicals , Valsad +53 more
753,Nexa,4.1,Automobile , Delhi/NCR +184 more
754,Vibgyor High School,3.8,Education & Training , Mumbai +29 more
755,The Jaypee Group,3.9,Engineering & Construction , Noida +98 more
756,K12 Techno Services,3.1,EdTech , Bangalore/Bengaluru +33 more
757,Vestas,4.3,Power , Aarhus +43 more
758,Amneal Pharmaceuticals,4.3,Pharma , Bridgewater +26 more
759,Hitachi Astemo,4.1,Auto Components , Neemrana +32 more
760,EOSGlobe,3.1,BPO , Thane +17 more
761,Altisource,3.6,Real Estate , Bangalore/Bengaluru +8 more
762,FOCUS EDUMATICS,3.4,EdTech , Bangalore/Bengaluru +19 more
763,Amara Raja Energy & Mobility,4.3,Auto Components , Tirupati +70 more
764,Tata AutoComp Systems,3.9,Auto Components , Pune +34 more
765,iSON Xperiences,3.6,BPO , Lagos +35 more
766,Luminous Power Technologies,4.2,Consumer Electronics & Appliances , Gurgaon/Gurugram +110 more
767,Indegene,3.6,Analytics & KPO , Princeton +22 more
768,Wistron,3.9,Electronics Manufacturing , Taipei +20 more
769,CreditAccess Grameen,4.3,NBFC , Bangalore/Bengaluru +258 more
770,TELUS International Philippines,3.8,IT Services & Consulting , Pasig City +15 more
771,Infogain,3.6,IT Services & Consulting , Los Gatos +17 more
772,Patanjali Foods,4.1,FMCG , Mumbai +156 more
773,GAIL,4.5,Oil & Gas , Delhi/NCR +93 more
774,Medhaj Techno Concept,4.2,Other , Lucknow +143 more
775,Tenneco,3.8,Auto Components , Lake Forest +35 more
776,Jio Platforms,3.6,IT Services & Consulting , Navi Mumbai +72 more
777,IndiaFirst Life Insurance,4.1,Insurance , Mumbai +186 more
778,Infinx,3.6,Software Product , Mumbai +28 more
779,Videocon d2h,3.9,Internet , Mumbai +129 more
780,Kantar,3.6,Analytics & KPO , London +34 more
781,Johnson Lifts,4.1,Industrial Machinery , Chennai +67 more
782,Continental Automotive Components,4.2,Auto Components , Lower Saxony +19 more
783,CSB Bank,3.4,Banking , Thrissur/Trichur +154 more
784,Eaton Corporation,4.0,Power , Cleveland +19 more
785,AIIMS,4.2,Healthcare , Delhi/NCR +53 more
786,Consolidated Contractors,4.5,Engineering & Construction , Marousi +50 more
787,Wind World,3.9,Power , Mumbai +64 more
788,Bajaj Motors,3.9,Auto Components , Gurgaon +64 more
789,PharmEasy,3.8,Internet , Mumbai +57 more
790,Piaggio,3.7,Automobile , Pontedera +70 more
791,Godrej Properties,3.7,Real Estate , Mumbai +27 more
792,Mahindra CIE Automotive,3.8,Auto Components , Mumbai +37 more
793,Bharat Sanchar Nigam,3.9,Telecom , Delhi/NCR +211 more
794,TE Connectivity,4.1,Industrial Machinery , Schaffhausen +14 more
795,PNB Housing Finance,3.9,Financial Services , Delhi/NCR +115 more
796,Intertek,3.8,Other , London +84 more
797,Jaquar,4.1,Building Material , Gurgaon +86 more
798,JW Marriott,4.1,Hospitality , Bethesda +39 more
799,Zf Rane Automotive,4.1,Auto Components , Chennai +44 more
800,TUV SUD,3.9,Other , Munich +98 more
801,Godrej Consumer Products,4.2,FMCG , Mumbai +110 more
802,Automotive Manufacturers,4.2,Automobile , Mumbai +120 more
803,Gannon Dunkerley & Co.,3.8,Engineering & Construction , Mumbai +66 more
804,IIFL SAMASTA,4.1,NBFC , Bangalore / Bengaluru +274 more
805,Mondelez International,4.4,Food Processing , Greater Chicago Area +139 more
806,Capri Global Capital,3.7,NBFC , Mumbai +219 more
807,Worley,4.1,Engineering & Construction , North Sydney +44 more
808,JSW Cement,4.1,Building Material , Mumbai +108 more
809,Sahara India Pariwar,3.8,Broadcasting , Lucknow +225 more
810,Apexon,3.4,IT Services & Consulting , Santa Clara +15 more
811,Adobe,4.1,Software Product , San Jose +15 more
812,Slk Software Services,3.5,IT Services & Consulting , Bangalore/Bengaluru +11 more
813,Spencer's Retail,3.9,Retail , Kolkata +57 more
814,Karma Ayurveda,4.5,Healthcare , New Delhi +4 more
815,Punj Lloyd,4.4,Engineering & Construction , Gurgaon/Gurugram +70 more
816,Dhoot Transmission,3.7,Power , Mumbai +31 more
817,Sonata Software,3.6,IT Services & Consulting , Bangalore/Bengaluru +12 more
818,Petrofac,4.4,Oil & Gas , Jermyn Street +39 more
819,Morningstar,3.9,Financial Services , Chicago +16 more
820,Siemens Gamesa Renewable Power Private Limited,4.1,Power , Chennai +56 more
821,R Systems International,3.4,IT Services & Consulting , El Dorado Hills +15 more
822,Hinduja Leyland Finance,4.1,NBFC , Chennai +231 more
823,GAO Tek,4.5,Electrical Equipment , New York +34 more
824,Hatsun Agro Product,4.0,Food Processing , Chennai +102 more
825,Shriram Life Insurance,3.8,Insurance , Hyderabad / Secunderabad +222 more
826,Urban Company,3.5,Internet , Gurgaon / Gurugram +51 more
827,Coca-Cola Company,4.2,Beverage , Gurgaon / Gurugram +165 more
828,Tikona Infinet,3.7,Telecom , Mumbai +45 more
829,Nasser S. Al Hajri Corporation,3.6,Engineering & Construction , Al Jubail +44 more
830,Viraj Profiles,3.9,Iron & Steel , Boisar +21 more
831,Serco,4.4,Analytics & KPO , Mumbai +39 more
832,Nielsen,3.8,Analytics & KPO , Mumbai +71 more
833,HPCL-Mittal Energy Limited,4.3,Petrochemicals , Bathinda +24 more
834,Episource,3.8,IT Services & Consulting , Chennai +13 more
835,Decathlon,3.9,Retail , Bangalore / Bengaluru +60 more
836,Thyrocare Technologies,3.6,Healthcare , Navi Mumbai +62 more
837,Podar International School,4.3,Education & Training , Mumbai +110 more
838,Amazon Logistics,4.3,Logistics , Oragadam +124 more
839,RBL FinServe,4.1,Financial Services , Mumbai +284 more
840,iQor Global Services,3.6,BPO , Saint Petersburg +48 more
841,Atos Global IT Solutions And Services,4.0,IT Services & Consulting , Navi Mumbai +17 more
842,OpenText Technologies,3.8,Software Product , Waterloo +10 more
843,Airtel Payments Bank,4.2,FinTech , Delhi/NCR +226 more
844,Strides Pharma,3.9,Pharma , Bangalore/Bengaluru +31 more
845,Arvind Lifestyle Brands,4.1,Retail , Bangalore / Bengaluru +85 more
846,Bajaj Housing Finance,3.8,NBFC , Pune +122 more
847,JK Lakshmi Cement,3.9,Building Material , Delhi/NCR +115 more
848,Kirloskar Oil Engines,4.2,Industrial Machinery , Pune +89 more
849,Mando Automotive,3.9,Auto Components , Kanchipuram +17 more
850,Sunknowledge Services,3.9,BPO , New York +11 more
851,iMerit,3.7,Software Product , Kolkata +11 more
852,MDIndia Health Insurance TPA,3.8,Insurance , Pune +77 more
853,PNC Infratech,4.0,Engineering & Construction , Delhi/NCR +75 more
854,Sri Chaitanya Educational Institutions,3.8,Education & Training , Hyderabad/Secunderabad +86 more
855,FastInfo,4.3,EdTech , Kolkata +7 more
856,Shubham Housing Development Finance,3.9,NBFC , Gurgaon +115 more
857,Altimetrik,3.8,IT Services & Consulting , Southfield +10 more
858,V5 Global Services,3.9,Recruitment , Delhi/NCR +160 more
859,Kendriya Vidyalaya Sangathan,4.4,Education & Training , Delhi/NCR +208 more
860,Ion Exchange India,3.9,Waste Management , Mumbai +92 more
861,Parexel International,4.0,Clinical Research , Massachusetts +12 more
862,Onward Technologies Inc,3.2,Software Product , Mumbai +61 more
863,BGR Energy Systems,3.9,Engineering & Construction , Chennai +49 more
864,Jubilant Pharmova,4.0,Pharma , Noida +54 more
865,Aarvee Associates,4.0,Engineering & Construction , Hyderabad/Secunderabad +128 more
866,Barbeque Nation,4.0,Hospitality , Bangalore/Bengaluru +71 more
867,NTT DATA Business Solutions,3.8,IT Services & Consulting , Bangalore / Bengaluru +25 more
868,DCM Shriram,4.3,Chemicals , Delhi/NCR +78 more
869,Volkswagen,4.2,Automobile , Mumbai +96 more
870,Novo Nordisk,4.2,Pharma , New York City +63 more
871,Muthoot Microfin,4.5,NBFC , Ernakulam +248 more
872,Rockman Industries,3.9,Auto Components , Delhi/NCR +30 more
873,ReNew,4.3,Power , Gurugram +80 more
874,Intel,4.3,Semiconductors , Santa Clara +32 more
875,Jacobs Engineering Group,4.0,Engineering & Construction , Dallas +35 more
876,The Ramco Cements,4.3,Building Material , Chennai +89 more
877,XcelServ Solutions,4.6,IT Services & Consulting , Las Vegas +35 more
878,Edelweiss Tokio Life Insurance,3.9,Insurance , Mumbai +115 more
879,Softenger,4.3,IT Services & Consulting , Pune +32 more
880,Chetu,3.3,Software Product , Sunrise +8 more
881,Evision Technoserve,4.7,Recruitment , Delhi/NCR +63 more
882,Nippon Paint India,4.1,Chemicals , Osaka +124 more
883,Medplus(optival Health Solutions),3.6,Hyderabad +86 more,NA
884,OM Logistics,4.0,Logistics , Delhi/NCR +102 more
885,Aerial Telecom Solutions,4.4,Telecom , Mohali +85 more
886,Lemon Tree Hotels,4.2,Hospitality , Delhi/NCR +65 more
887,Power Grid Corporation of India,4.4,Power , Gurgaon/Gurugram +184 more
888,Pristyn Care,3.6,Healthcare , Delhi +28 more
889,1point1 Solutions,3.4,BPO , Navi Mumbai +14 more
890,Vertex Customer Solutions,3.6,IT Services & Consulting , Panchkula +31 more
891,Vistaar Finance,4.2,NBFC , Bengaluru/Bangalore +165 more
892,Provana,3.7,IT Services & Consulting , Lisle +6 more
893,Hyundai Mobis,3.9,Auto Components , Kanchipuram +43 more
894,V2 Retail,3.5,Retail , Delhi/NCR +90 more
895,Ceasefire Industries,3.3,Industrial Machinery , Noida +69 more
896,Capacit'e Infraprojects,3.6,Engineering & Construction , Mumbai +31 more
897,Unicharm,4.2,Beauty & Personal Care , Mita +144 more
898,TechnipFMC,4.0,Industrial Machinery , Paris +39 more
899,Brillio,3.5,IT Services & Consulting , Edison +12 more
900,ThyssenKrupp Industries India,4.2,Industrial Machinery , Pune +45 more
901,Nykaa,3.5,Internet , Mumbai +82 more
902,Kotak Mahindra Prime,4.0,NBFC , Mumbai +125 more
903,GEP Worldwide,3.8,IT Services & Consulting , Clark +10 more
904,Hindustan Zinc,3.9,Metals & Mining , Udaipur +29 more
905,Happiest Minds Technologies,3.8,IT Services & Consulting , Bangalore +14 more
906,Qualcomm,4.0,Semiconductors , San Diego +15 more
907,TEKsystems,3.5,IT Services & Consulting , Hanover +14 more
908,More Supermarket,3.8,Retail , Mumbai +126 more
909,CarDekho,3.7,Internet , Jaipur +68 more
910,Dana Anand,4.1,Auto Components , Delhi/NCR +39 more
911,ZF Steering Gear,3.8,Auto Components , Pune +23 more
912,Hathway,3.7,Broadcasting , Mumbai +49 more
913,CenturyPly,3.9,Furniture & Furnishing , Kolkata +103 more
914,Colliers International,4.0,Real Estate , Ontario +35 more
915,Intex Technologies,3.7,Consumer Electronics & Appliances , Delhi/NCR +71 more
916,Acuity Knowledge Partners,3.5,Financial Services , London +11 more
917,Stanza Living,3.1,Internet , Delhi +30 more
918,Karur Vysya Bank,3.7,Banking , Karur +142 more
919,Tube Investments of India,4.0,Engineering & Construction , Chennai +54 more
920,Reliance AJIO,3.8,Internet , Bengaluru +189 more
921,United Alliance Technology,4.9,IT Services & Consulting , Pune +9 more
922,TK Elevator,4.0,Industrial Machinery , Essen +64 more
923,Aditya Birla Finance,3.9,NBFC , Mumbai +154 more
924,TradeIndia (Infocom Network Private Limited),3.4,Internet , Noida +38 more
925,Pizza Hut,4.0,Hospitality , Plano +105 more
926,Bosch Chassis Systems,4.2,Auto Components , Gerlingen +21 more
927,Feedback Infrastructure Services,3.5,Engineering & Construction , Gurgaon/Gurugram +119 more
928,Apotex Research,4.2,Pharma , Brantford +13 more
929,Imperial Auto Industries,3.9,Auto Components , Faridabad +35 more
930,Rashmi Metaliks,3.6,Iron & Steel , Kolkata +27 more
931,Spandana Sphoorty Financial,3.7,NBFC , Hyderabad/Secunderabad +228 more
932,Secure Meters,4.1,Electronics Manufacturing , Udaipur +69 more
933,Syngenta,4.3,Agriculture , Basel +140 more
934,Kirloskar Brothers,4.0,Industrial Machinery , Pune +58 more
935,Diageo,4.0,Beverage , London +83 more
936,Sundaram Finance,4.2,NBFC , Chennai +206 more
937,Colgate Palmolive,4.2,FMCG , New York +96 more
938,Fidelity Investments,4.3,Financial Services , Boston +16 more
939,Genius Consultants,3.8,Recruitment , Kolkata +77 more
940,H.G. Infra Engineering,4.4,Engineering & Construction , Jaipur +78 more
941,Ahluwalia Contracts India,4.1,Engineering & Construction , Delhi/NCR +49 more
942,Kinara Capital,4.5,FinTech , Bangalore +108 more
943,Pricol,4.0,Auto Components , Coimbatore +26 more
944,Dassault Systemes,4.0,Software Product , Velizy-villacoublay +9 more
945,PayPal,3.9,FinTech , San Jose +12 more
946,Orchids International School,3.1,Education & Training , Nasik/Nashik +25 more
947,Nilkamal,3.9,Furniture & Furnishing , Mumbai +96 more
948,Tata Chemicals,4.2,Chemicals , Mumbai +79 more
949,Sundaram Clayton,4.1,Auto Components , Chennai +24 more
950,Shalby Hospitals,4.6,Healthcare , Ahmedabad +23 more
951,CALIBEHR,4.0,Recruitment , Mumbai +128 more
952,VIP Industries,4.0,Retail , Mumbai +85 more
953,Incedo,3.4,IT Services & Consulting , Iselin +10 more
954,FLSmidth,3.7,Industrial Machinery , Copenhagen +21 more
955,JTEKT,4.2,Auto Components , Osaka +23 more
956,Gmmco,4.2,Industrial Machinery , Chennai +79 more
957,Visionet Systems,3.2,IT Services & Consulting , Cranbury +12 more
958,Fusion Microfinance,4.1,NBFC , Delhi +209 more
959,eClinicalWorks,3.9,Software Product , Westborough +14 more
960,Mahindra First Choice Wheels,3.8,Internet , Mumbai +109 more
961,Air India,4.1,Aviation , Delhi/NCR +54 more
962,SLK Global Services,3.8,BPO , Dallas +8 more
963,Egis  India Consulting Engineers,4.2,Engineering & Construction , Gurgaon/Gurugram +98 more
964,AstraZeneca,4.2,Pharma , Cambridge +42 more
965,Perfetti Van Melle,4.4,Food Processing , Lainate +126 more
966,Nirma,4.3,FMCG , Ahmedabad +53 more
967,MakeMyTrip,3.7,Internet , Gurgaon +37 more
968,KIMS Hospital,4.1,Healthcare , Hyderabad/Secunderabad +40 more
969,Next Education India,3.7,EdTech , Hyderabad/Secunderabad +81 more
970,VeeTechnologies,3.8,IT Services & Consulting , New York +27 more
971,Pacific BPO,3.5,BPO , Noida +16 more
972,LOREAL,4.1,Beauty & Personal Care , Clichy +84 more
973,Caratlane Trading,4.3,Retail , Chennai +55 more
974,Hikal,4.0,Pharma , Mumbai +17 more
975,MAHLE ANAND Filter Systems,4.2,Auto Components , Stuttgart +25 more
976,Teva Pharmaceuticals,4.2,Pharma , Dublin +33 more
977,INDO-MIM,4.3,Industrial Machinery , Bangalore/Bengaluru +20 more
978,Capital Numbers Infotech,4.7,IT Services & Consulting , Kolkata +16 more
979,Birla Corporation,4.2,Building Material , Kolkata +111 more
980,HFCL,4.2,Hardware & Networking , Delhi/NCR +93 more
981,Vedanta Aluminium,4.0,Metals & Mining , Jharsuguda +32 more
982,Fluor Corporation,4.3,Gurgaon / Gurugram +22 more,NA
983,Prodapt,3.8,IT Services & Consulting , Chennai +11 more
984,C&S Electric,4.1,Electrical Equipment , Delhi/NCR +49 more
985,Webhelp,3.7,BPO , Paris +14 more
986,ICICI Prudential Mutual Fund,3.9,Financial Services , New Delhi +137 more
987,SitusAMC,3.3,Software Product , Gurgaon / Gurugram +17 more
988,CADD Centre Training Services,4.1,Education & Training , Chennai +127 more
989,Zoho,4.3,Software Product , Chennai +26 more
990,Pernod Ricard,3.9,Beverage , Paris +96 more
991,Future Focus Infotech,3.6,IT Services & Consulting , Chennai +54 more
992,Metropolis Healthcare,4.1,Healthcare , Mumbai +77 more
993,Uber,4.2,Internet , San Francisco +44 more
994,Patra Corporation,3.8,BPO , El Dorado Hills +14 more
995,Troikaa Pharmaceuticals,3.7,Pharma , Ahmedabad +68 more
996,Mu Sigma,2.8,Analytics & KPO , Northbrook +10 more
997,Better.com,3.0,Financial Services , New York City +5 more
998,Air India Sats Airport Services,3.8,Aviation , Mumbai +33 more
999,Orion Edutech,3.3,EdTech , Kolkata +105 more
1000,Ford Business Solutions,4.5,IT Services & Consulting , Dearborn +42 more
1001,SBFC Finance,3.8,NBFC , Mumbai +156 more
1002,TNQ Technologies,3.7,Printing & Publishing , Chennai +9 more
1003,Skill Lync,3.1,EdTech , Palo Alto +13 more
1004,Thomas Cook,3.9,Travel & Tourism , Mumbai +75 more
1005,Otis Elevator,4.0,Industrial Machinery , Farmington +60 more
1006,Wheels,4.1,Auto Components , Chennai +35 more
1007,Neel Metal Products,4.1,Metals & Mining , Gurgaon +33 more
1008,Amara Raja Group,4.2,Auto Components , Bangalore/Bengaluru +56 more
1009,C.R.I. Pumps,3.9,Industrial Machinery , Coimbatore +59 more
1010,Indira IVF Hospital,3.9,Healthcare , Mumbai +85 more
1011,Centre for Development of Advanced Computing,3.8,IT Services & Consulting , Pune +28 more
1012,Schaeffler India,4.2,Auto Components , Mumbai +18 more
1013,GVPR Engineers,4.0,Engineering & Construction , Hyderabad/Secunderabad +67 more
1014,Yashoda Hospitals,3.9,Healthcare , Ghaziabad +24 more
1015,Federal Bank,3.9,Banking , Aluva +118 more
1016,Quest Retail Private Limited,4.5,Retail , Gurgaon/Gurugram +71 more
1017,Test Yantra Software Solutions,3.3,IT Services & Consulting , Bangalore/Bengaluru +15 more
1018,Toppr,3.4,EdTech , Mumbai +43 more
1019,Leadec India,4.1,Facility Management Services , Stuttgart +50 more
1020,Willis Towers Watson,3.9,Financial Services , London +15 more
1021,Pramerica Life Insurance,3.9,Insurance , Gurgaon +117 more
1022,Vertiv,4.0,IT Services & Consulting , Columbus +46 more
1023,Bank of India,4.0,Banking , Mumbai +160 more
1024,Aarvi Encon,4.1,Recruitment , Mumbai +96 more
1025,Aviva Life Insurance India,3.6,Insurance , London +105 more
1026,Alok Industries,3.8,Fashion & Textile , Mumbai +29 more
1027,Huhtamaki,3.9,Packaging , Espoo +32 more
1028,Meril,3.9,Medical Equipment , Vapi +63 more
1029,Shriram General Insurance,3.6,Insurance , Jaipur +160 more
1030,Suzuki Motorcycle,4.1,Automobile , Hamamatsu-shi +99 more
1031,Everest Industries,4.1,Building Material , Noida +70 more
1032,Gharda Chemicals,4.2,Chemicals , Mumbai +56 more
1033,Grant Thornton,3.7,Accounting & Auditing , Chicago +45 more
1034,Napino Auto & Electronics,4.1,Auto Components , Gurgaon/Gurugram +15 more
1035,Centum Electronics,3.9,Electronics Manufacturing , Bangalore/Bengaluru +13 more
1036,Dunzo,3.5,Internet , Bangalore +18 more
1037,DLF,4.1,Real Estate , Gurgaon/Gurugram +28 more
1038,Digit Insurance,3.9,Insurance , Bengaluru/Bangalore +69 more
1039,Marks & Spencer,4.0,Retail , London +56 more
1040,Lakshmi Machine Works,4.0,Industrial Machinery , Coimbatore +22 more
1041,Godrej Agrovet,4.1,Agriculture , Mumbai +108 more
1042,Zydus Wellness,4.0,FMCG , Ahmedabad +99 more
1043,Aspire Systems,4.0,IT Services & Consulting , Oak Brook +17 more
1044,Columbia Asia,4.4,Healthcare , Bangalore/Bengaluru +20 more
1045,THE LEELA PALACES HOTELS & RESORTS,4.0,Hospitality , Mumbai +27 more
1046,Rupeek,3.7,FinTech , Bangalore +55 more
1047,Westside,4.1,Fashion & Textile , Mumbai +98 more
1048,Aparna Constructions and Estates,4.2,Real Estate , Hyderabad/Secunderabad +17 more
1049,HT Media,3.3,Media & Entertainment , Delhi/NCR +39 more
1050,Sykes Business Services Of India,3.4,BPO , Tampa +16 more
1051,Sandhar Technologies,3.8,Auto Components , Gurgaon/Gurugram +28 more
1052,Parekh Integrated Services,4.1,Logistics , Mumbai +69 more
1053,Bechtel,4.1,Engineering & Construction , Reston +25 more
1054,Allianz Technology,4.2,IT Services & Consulting , Munich +12 more
1055,Kohler,3.9,Building Material , Kohler +40 more
1056,Duck Creek Technologies,4.5,Software Product , Boston +6 more
1057,Star Cement,4.0,Building Material , Kolkata +62 more
1058,Greaves Cotton,4.1,Auto Components , Mumbai +38 more
1059,Vedanta Resources,3.8,Metals & Mining , London +59 more
1060,Knorr-Bremse,4.1,Auto Components , Munich +26 more
1061,Natco Pharma,4.0,Pharma , Hyderabad/Secunderabad +48 more
1062,KEI Industries,4.2,Electrical Equipment , Delhi/NCR +76 more
1063,Timken,3.9,Industrial Machinery , Bangalore/Bengaluru +35 more
1064,Panacea Biotec,3.9,Biotechnology , Delhi/NCR +52 more
1065,ffreedom app,3.6,Internet , Bengaluru/Bangalore +21 more
1066,Godfrey Phillips India,4.0,FMCG , Delhi/NCR +87 more
1067,National Health Mission,3.7,Healthcare , Guwahati +234 more
1068,Samsung Engineering,4.3,Engineering & Construction , Suwon-Si +47 more
1069,United Breweries,3.8,Beverage , Bangalore/Bengaluru +90 more
1070,Varroc Polymers,3.9,Auto Components , Aurangabad +31 more
1071,Medha Servo Drives,4.2,Electrical Equipment , Hyderabad/Secunderabad +46 more
1072,SHYAM METALICS AND ENERGY,3.7,Iron & Steel , Kolkata +46 more
1073,Asirvad Microfinance,3.9,NBFC , Chennai +215 more
1074,Franklin Templeton Investments,4.2,San Mateo +27 more,NA
1075,NielsenIQ,3.9,IT Services & Consulting , Chicago +31 more
1076,Samsung Research,3.4,Consumer Electronics & Appliances , Seocho-gu +11 more
1077,Atlas Copco,4.3,Industrial Machinery , Nacka Municipality +50 more
1078,Page Industries,4.2,Fashion & Textile , Bangalore/Bengaluru +75 more
1079,Defence Research & Development Organisation,4.5,Defence & Aerospace , Delhi/NCR +44 more
1080,LEAD School,3.3,EdTech , Mumbai +89 more
1081,Astral Pipe,4.3,Building Material , Ahmedabad +98 more
1082,Greenko Group,3.9,Power , Hyderabad +58 more
1083,ValueMomentum,3.4,IT Services & Consulting , Piscataway +7 more
1084,Infra.Market,4.2,Building Material , Thane +76 more
1085,Tata Consumer Products,3.9,FMCG , Mumbai +144 more
1086,Piramal Pharma,4.0,Pharma , Lexington +52 more
1087,Indusind Marketing & Financial Services,4.0,Financial Services , Chennai +251 more
1088,T-SYSTEMS ICT INDIA,3.9,IT Services & Consulting , Frankfurt +9 more
1089,Bayer Crop Science Vegetable Seeds,4.4,Hyderabad / Secunderabad +141 more,NA
1090,Precision Techserve,3.8,IT Services & Consulting , Chennai +84 more
1091,NetAmbit,3.3,BPO , Noida +87 more
1092,Qinecsa Solutions,2.9,Clinical Research , Mysuru / Mysore +10 more
1093,Aristo Pharmaceuticals,4.1,Pharma , Mumbai +89 more
1094,Adani Green Energy,4.2,Power , Ahmedabad +69 more
1095,Kalpataru Group,3.9,Real Estate , Mumbai +65 more
1096,SFO Technologies,3.6,Electronics Manufacturing , Kochi/Cochin +14 more
1097,Future Supply Chain Solutions,4.4,Logistics , Mumbai +62 more
1098,Rebel Foods,3.8,Internet , Mumbai +61 more
1099,Financial Software & Systems,3.8,FinTech , Chennai +26 more
1100,Acme Cleantech Solutions,4.0,Industrial Machinery , Gurgaon/Gurugram +82 more
1101,Northern Trust,3.8,Financial Services , Bangalore / Bengaluru +15 more
1102,Salesforce,4.1,Software Product , San Francisco +26 more
1103,Galfar,4.1,Engineering & Construction , Muscat +34 more
1104,Cult.fit,3.8,Fitness & Wellness , Bangalore +35 more
1105,Innova Solutions,3.6,IT Services & Consulting , Atlanta +24 more
1106,Lumina Datamatics,3.5,IT Services & Consulting , Mumbai +15 more
1107,Mswipe Technologies,3.1,FinTech , Mumbai +80 more
1108,Velocis Systems,3.9,IT Services & Consulting , Noida +46 more
1109,AtkinsRealis,4.2,Engineering & Construction , Montreal +53 more
1110,Michelin,3.9,Auto Components , Clermont-Ferrand +41 more
1111,Snapdeal,4.0,Internet , Delhi +30 more
1112,Prochant,4.4,BPO , Prochant +7 more
1113,Citco,3.1,Financial Services , Cayman Islands +11 more
1114,Fareportal,3.3,Internet , New York +11 more
1115,General Mills,4.2,Food Processing , Minneapolis +41 more
1116,Lowe's,4.2,Retail , Mooresville +6 more
1117,City Union Bank,3.4,Banking , Thanjavur +120 more
1118,CNH,4.1,Automobile , London +55 more
1119,NBC Bearings,3.9,Auto Components , Jaipur +25 more
1120,Nityo Infotech,3.1,IT Services & Consulting , plainsboro New Jersey +27 more
1121,Quess IT Staffing Solutions,3.5,Bangalore / Bengaluru +51 more,NA
1122,J B Chemicals And Pharmaceuticals,3.9,Pharma , Mumbai +70 more
1123,Athena BPO,3.3,BPO , Mumbai +27 more
1124,NetCracker,3.0,IT Services & Consulting , Waltham +8 more
1125,Netscribes,2.9,Analytics & KPO , New York +8 more
1126,Bayer,4.2,Pharma , Monheim Am Rhein +98 more
1127,Royal Sundaram General Insurance,4.0,Insurance , Chennai +93 more
1128,ICCS,3.3,BPO , Delhi/NCR +25 more
1129,Sanden Vikas,4.0,Auto Components , Faridabad +23 more
1130,Karvy Stock Broking,3.7,Hyderabad/Secunderabad +101 more,NA
1131,Musashi Auto Parts,4.0,Auto Components , Gurgaon/Gurugram +20 more
1132,GAMMON INDIA,3.8,Engineering & Construction , Mumbai +66 more
1133,Aparajitha Corporate Services,4.0,Legal , Madurai +72 more
1134,DuPont,4.2,Waste Management , Wilmington +46 more
1135,Hitachi Payment Services,3.8,FinTech , Mumbai +47 more
1136,Shilpa Medicare,3.6,Pharma , Raichur +28 more
1137,Sandvik Asia,4.3,Industrial Machinery , Stockholm +35 more
1138,Collins Aerospace,4.0,Defence & Aerospace , Charlotte +7 more
1139,Border Security Force,4.5,Law Enforcement & Security , Delhi/NCR +89 more
1140,OCS Group,4.0,Facility Management Services , Mumbai +48 more
1141,Jabil Circuit India,4.0,Electronics Manufacturing , St Petersburg +12 more
1142,Artech Infosystems,3.6,Morristown +20 more,NA
1143,Tata Electronics,4.0,Semiconductors , Krishnagiri +20 more
1144,Temenos,3.3,Software Product , Geneva +8 more
1145,Signify,3.6,Consumer Electronics & Appliances , Eindhoven +63 more
1146,Knight Frank,4.2,Real Estate , London +43 more
1147,Merino Industries,3.8,Furniture & Furnishing , Delhi/NCR +56 more
1148,Medusind Solutions,3.8,IT Services & Consulting , Mumbai +9 more
1149,Genpact Headstrong Capital Markets,3.8,IT Services & Consulting , New Delhi +18 more
1150,Schlumberger,4.1,Oil & Gas , Houston +27 more
1151,OLX,3.8,Internet , Gurgaon +47 more
1152,Navayuga Engineering Company,4.1,Engineering & Construction , Hyderabad/Secunderabad +58 more
1153,Zepto,3.7,Internet , Mumbai +29 more
1154,Tata Starbucks,4.3,Hospitality , Mumbai +40 more
1155,ESL Steel,4.1,Iron & Steel , Jharkhand +19 more
1156,DAV Public School,4.1,Education & Training , Delhi/NCR +140 more
1157,Micromax Informatics,3.7,Consumer Electronics & Appliances , Gurgaon/Gurugram +112 more
1158,HomeLane,3.5,Architecture & Interior Design , Bangalore +35 more
1159,Adani Enterprises,3.9,Ahmedabad +56 more,NA
1160,Mastek,3.6,IT Services & Consulting , Mumbai +18 more
1161,Porter,4.2,Internet , Bangalore +24 more
1162,Arohan Financial Services,4.1,NBFC , Kolkata +160 more
1163,Xebia,3.5,IT Services & Consulting , Hilversum +16 more
1164,Ageas Federal Life Insurance,3.7,Insurance , Mumbai +110 more
1165,Quantiphi Analytics Solutions Private Limited,3.1,IT Services & Consulting , Marlborough +11 more
1166,Volvo,4.1,Automobile , Gothenburg +36 more
1167,The Akshaya Patra Foundation,4.7,Non-Profit , Bangalore/Bengaluru +66 more
1168,Reliance Power,4.2,Power , Navi Mumbai +29 more
1169,Eveready Industries,4.0,Consumer Electronics & Appliances , Kolkata +78 more
1170,AuthBridge Research Services,3.7,IT Services & Consulting , Gurgaon +14 more
1171,Rungta Mines,4.1,Metals & Mining , Singhbum +25 more
1172,Guardian India,4.1,Insurance , New York  +9 more
1173,BNP Paribas India Solutions,4.0,IT Services & Consulting , Paris +9 more
1174,GlaxoSmithKline Consumer Healthcare,4.5,Pharma , London +93 more
1175,RAMTeCH Software Solutions,3.9,IT Services & Consulting , Noida +27 more
1176,Amul Dairy,4.2,Food Processing , Anand +127 more
1177,TÜV NORD,3.8,Other , Mumbai +55 more
1178,Globant,4.0,Software Product , San Francisco +12 more
1179,CRB Tech Solution,4.1,EdTech , Pune +9 more
